"PLAYER_FULL_NAME","OWN_TEAM","Position","Age","Height","Weight","Salary","Team","injury_status","injury_date","return_date","injury_scrape_date"
"A.J. Hammons","Dallas","C",24,"7-0",260,650000,"Dallas Mavericks",NA,NA,NA,NA
"Aaron Brooks","Indiana","PG",31,"6-0",161,2700000,"Indiana Pacers",NA,NA,NA,NA
"Aaron Gordon","Orlando","PF",21,"6-9",220,4351320,"Orlando Magic",NA,NA,NA,NA
"Aaron Harrison","Charlotte","SG",22,"6-6",210,874636,"Charlotte Hornets",NA,NA,NA,NA
"Adreian Payne","Minnesota","PF",25,"6-10",237,2022240,"Minnesota Timberwolves",NA,NA,NA,NA
"Al Horford","Boston","C",30,"6-10",245,26540100,"Boston Celtics",NA,NA,NA,NA
"Al Jefferson","Indiana","C",31,"6-10",289,10314532,"Indiana Pacers",NA,NA,NA,NA
"Al-Farouq Aminu","Portland","SF",26,"6-9",220,7680965,"Portland Trailblazers","Out","Dec 21",2016-12-23,2016-12-22
"Alan Anderson","LA Clippers","SG",34,"6-6",220,980431,"Los Angeles Clippers",NA,NA,NA,NA
"Alan Williams","Phoenix","PF",23,"6-8",260,874636,"Phoenix Suns",NA,NA,NA,NA
"Alec Burks","Utah","SG",25,"6-6",214,10154495,"Utah Jazz",NA,NA,NA,NA
"Alex Abrines","Oklahoma City","SG",23,"6-6",190,5994764,"Oklahoma City Thunder",NA,NA,NA,NA
"Alex Len","Phoenix","C",23,"7-1",260,4823621,"Phoenix Suns",NA,NA,NA,NA
"Alexis Ajinca","New Orleans","C",28,"7-2",248,4638203,"New Orleans Pelicans",NA,NA,NA,NA
"Allen Crabbe","Portland","SG",24,"6-6",215,18500000,"Portland Trailblazers",NA,NA,NA,NA
"Alonzo Gee","Denver","SF",29,"6-6",225,853552,"Denver Nuggets",NA,NA,NA,NA
"Amir Johnson","Boston","PF",29,"6-9",240,1.2e+07,"Boston Celtics",NA,NA,NA,NA
"Anderson Varejao","Golden State","C",34,"6-11",273,980431,"Golden State Warriors",NA,NA,NA,NA
"Andre Drummond","Detroit","C",23,"6-11",279,22116750,"Detroit Pistons",NA,NA,NA,NA
"Andre Iguodala","Golden State","SF",32,"6-6",215,11131368,"Golden State Warriors",NA,NA,NA,NA
"Andre Roberson","Oklahoma City","SF",25,"6-7",210,2183072,"Oklahoma City Thunder",NA,NA,NA,NA
"Andrew Bogut","Dallas","C",32,"7-0",260,11027027,"Dallas Mavericks","Out","Dec 20",2016-12-28,2016-12-22
"Andrew Harrison","Memphis","PG",22,"6-6",213,945000,"Memphis Grizzlies",NA,NA,NA,NA
"Andrew Nicholson","Washington","PF",27,"6-9",250,6088993,"Washington Wizards",NA,NA,NA,NA
"Andrew Wiggins","Minnesota","SF",21,"6-8",199,6006600,"Minnesota Timberwolves",NA,NA,NA,NA
"Anthony Bennett","Brooklyn","PF",23,"6-8",235,1015696,"Brooklyn Nets",NA,NA,NA,NA
"Anthony Davis","New Orleans","PF",23,"6-11",253,22116750,"New Orleans Pelicans","Day-To-Day","Dec 18",2016-12-23,2016-12-22
"Anthony Morrow","Oklahoma City","SG",31,"6-5",210,3488000,"Oklahoma City Thunder",NA,NA,NA,NA
"Anthony Tolliver","Sacramento","PF",31,"6-8",240,8e+06,"Sacramento Kings",NA,NA,NA,NA
"Arinze Onuaku","Orlando","PF",29,"6-9",255,980431,"Orlando Magic",NA,NA,NA,NA
"Aron Baynes","Detroit","C",30,"6-10",260,6500000,"Detroit Pistons",NA,NA,NA,NA
"Arron Afflalo","Sacramento","SG",31,"6-5",210,12500000,"Sacramento Kings",NA,NA,NA,NA
"Austin Rivers","LA Clippers","PG",24,"6-4",200,1.1e+07,"Los Angeles Clippers",NA,NA,NA,NA
"Avery Bradley","Boston","SG",26,"6-2",180,8269663,"Boston Celtics",NA,NA,NA,NA
"Ben McLemore","Sacramento","SG",23,"6-5",195,4008882,"Sacramento Kings",NA,NA,NA,NA
"Ben Simmons","Philadelphia","SF",20,"6-10",240,5903160,"Philadelphia 76ers",NA,NA,NA,NA
"Beno Udrih","Detroit","PG",34,"6-3",205,980431,"Detroit Pistons",NA,NA,NA,NA
"Bismack Biyombo","Orlando","C",24,"6-9",255,1.7e+07,"Orlando Magic",NA,NA,NA,NA
"Blake Griffin","LA Clippers","PF",27,"6-10",251,20140839,"Los Angeles Clippers","Out","Dec 20",2017-01-19,2016-12-22
"Boban Marjanovic","Detroit","C",28,"7-3",290,7e+06,"Detroit Pistons",NA,NA,NA,NA
"Bobby Brown","Houston","PG",32,"6-2",175,680534,"Houston Rockets",NA,NA,NA,NA
"Bobby Portis","Chicago","PF",21,"6-11",246,1453680,"Chicago Bulls",NA,NA,NA,NA
"Bojan Bogdanovic","Brooklyn","SG",27,"6-8",225,3573020,"Brooklyn Nets",NA,NA,NA,NA
"Boris Diaw","Utah","C",34,"6-8",250,7e+06,"Utah Jazz",NA,NA,NA,NA
"Bradley Beal","Washington","SG",23,"6-5",207,22116750,"Washington Wizards",NA,NA,NA,NA
"Brandan Wright","Memphis","PF",29,"6-10",210,5709880,"Memphis Grizzlies",NA,NA,NA,NA
"Brandon Bass","LA Clippers","PF",31,"6-8",250,980431,"Los Angeles Clippers",NA,NA,NA,NA
"Brandon Ingram","LA Lakers","SF",19,"6-9",190,5281680,"Los Angeles Lakers",NA,NA,NA,NA
"Brandon Jennings","New York","PG",27,"6-1",170,5e+06,"New York Knicks",NA,NA,NA,NA
"Brandon Knight","Phoenix","PG",25,"6-3",195,12606250,"Phoenix Suns",NA,NA,NA,NA
"Brandon Rush","Minnesota","SG",31,"6-6",225,3500000,"Minnesota Timberwolves",NA,NA,NA,NA
"Brian Roberts","Charlotte","PG",31,"6-1",173,980431,"Charlotte Hornets",NA,NA,NA,NA
"Brice Johnson","LA Clippers","F",22,"6-10",230,1273920,"Los Angeles Clippers",NA,NA,NA,NA
"Brook Lopez","Brooklyn","C",28,"7-0",268,21165675,"Brooklyn Nets","Day-To-Day","Dec 20",2016-12-23,2016-12-22
"Bruno Caboclo","Toronto","SF",21,"6-9",205,1589640,"Toronto Raptors",NA,NA,NA,NA
"Bryn Forbes","San Antonio","SG",23,"6-3",190,543471,"San Antonio Spurs",NA,NA,NA,NA
"Buddy Hield","New Orleans","SG",23,"6-4",214,3517200,"New Orleans Pelicans",NA,NA,NA,NA
"C.J. McCollum","Portland","SG",25,"6-3",190,3219579,"Portland Trailblazers",NA,NA,NA,NA
"C.J. Miles","Indiana","SF",29,"6-6",225,4583450,"Indiana Pacers",NA,NA,NA,NA
"C.J. Watson","Orlando","PG",32,"6-2",175,5e+06,"Orlando Magic",NA,NA,NA,NA
"Cameron Payne","Oklahoma City","PG",22,"6-3",185,2112480,"Oklahoma City Thunder","Out","Dec 18",2016-12-29,2016-12-22
"Caris LeVert","Brooklyn","SG",22,"6-7",203,1562280,"Brooklyn Nets",NA,NA,NA,NA
"Carmelo Anthony","New York","SF",32,"6-8",240,24559380,"New York Knicks",NA,NA,NA,NA
"Chandler Parsons","Memphis","SF",28,"6-10",230,22116750,"Memphis Grizzlies","Out","Dec 21",2016-12-23,2016-12-22
"Channing Frye","Cleveland","PF",33,"6-11",255,7806971,"Cleveland Cavaliers",NA,NA,NA,NA
"Cheick Diallo","New Orleans","PF",20,"6-9",220,543471,"New Orleans Pelicans",NA,NA,NA,NA
"Chinanu Onuaku","Houston","PF",20,"6-10",245,543471,"Houston Rockets",NA,NA,NA,NA
"Chris Andersen","Cleveland","PF",38,"6-10",245,980431,"Cleveland Cavaliers",NA,NA,NA,NA
"Chris Bosh","Miami","PF",32,"6-11",235,23741060,"Miami Heat",NA,NA,NA,NA
"Chris McCullough","Brooklyn","PF",21,"6-9",215,1191480,"Brooklyn Nets",NA,NA,NA,NA
"Chris Paul","LA Clippers","PG",31,"6-0",175,22868827,"Los Angeles Clippers",NA,NA,NA,NA
"Christian Wood","Charlotte","PF",21,"6-11",220,874636,"Charlotte Hornets",NA,NA,NA,NA
"CJ Wilcox","Orlando","SG",25,"6-5",195,1209600,"Orlando Magic",NA,NA,NA,NA
"Clint Capela","Houston","C",22,"6-10",240,1296240,"Houston Rockets","Out","Dec 21",2016-12-23,2016-12-22
"Cody Zeller","Charlotte","C",24,"7-0",240,5318313,"Charlotte Hornets",NA,NA,NA,NA
"Cole Aldrich","Minnesota","C",28,"6-11",250,7643979,"Minnesota Timberwolves",NA,NA,NA,NA
"Corey Brewer","Houston","SF",30,"6-9",186,7612172,"Houston Rockets",NA,NA,NA,NA
"Cory Joseph","Toronto","PG",25,"6-3",190,7315000,"Toronto Raptors","Day-To-Day","Dec 18",2016-12-23,2016-12-22
"Courtney Lee","New York","SG",31,"6-5",200,11242000,"New York Knicks",NA,NA,NA,NA
"Cristiano Felicio","Chicago","PF",24,"6-9",266,874636,"Chicago Bulls",NA,NA,NA,NA
"D.J. Augustin","Orlando","PG",29,"6-0",183,7250000,"Orlando Magic",NA,NA,NA,NA
"D'Angelo Russell","LA Lakers","PG",20,"6-5",195,5332800,"Los Angeles Lakers","Day-To-Day","Dec 18",2016-12-23,2016-12-22
"Damian Jones","Golden State","C",21,"7-0",245,1171560,"Golden State Warriors",NA,NA,NA,NA
"Damian Lillard","Portland","PG",26,"6-3",195,24328425,"Portland Trailblazers",NA,NA,NA,NA
"Damjan Rudez","Orlando","SF",30,"6-10",228,980431,"Orlando Magic",NA,NA,NA,NA
"Daniel Ochefu","Washington","PF",23,"6-11",245,543471,"Washington Wizards",NA,NA,NA,NA
"Danilo Gallinari","Denver","SF",28,"6-10",225,15050000,"Denver Nuggets",NA,NA,NA,NA
"Danny Green","San Antonio","SG",29,"6-6",215,1e+07,"San Antonio Spurs",NA,NA,NA,NA
"Dante Cunningham","New Orleans","PF",29,"6-8",230,2978250,"New Orleans Pelicans","Out","Dec 18",2016-12-23,2016-12-22
"Dante Exum","Utah","PG",21,"6-6",190,3940320,"Utah Jazz",NA,NA,NA,NA
"Danuel House Jr.","Washington","PF",23,"6-7",215,543471,"Washington Wizards",NA,NA,NA,NA
"Dario Saric","Philadelphia","PF",22,"6-10",223,2318280,"Philadelphia 76ers",NA,NA,NA,NA
"Darrell Arthur","Denver","PF",28,"6-9",235,8070175,"Denver Nuggets",NA,NA,NA,NA
"Darren Collison","Sacramento","PG",29,"6-0",175,5229454,"Sacramento Kings",NA,NA,NA,NA
"Darrun Hilliard","Detroit","SG",23,"6-6",205,874636,"Detroit Pistons",NA,NA,NA,NA
"David Lee","San Antonio","PF",33,"6-9",245,1551659,"San Antonio Spurs",NA,NA,NA,NA
"David West","Golden State","PF",36,"6-9",250,980431,"Golden State Warriors",NA,NA,NA,NA
"Davis Bertans","San Antonio","SF",24,"6-10",210,543471,"San Antonio Spurs",NA,NA,NA,NA
"DeAndre Bembry","Atlanta","SF",22,"6-6",210,1499760,"Atlanta Hawks",NA,NA,NA,NA
"DeAndre Jordan","LA Clippers","C",28,"6-11",265,21165675,"Los Angeles Clippers",NA,NA,NA,NA
"DeAndre Liggins","Cleveland","SG",28,"6-6",209,1015696,"Cleveland Cavaliers",NA,NA,NA,NA
"Dejounte Murray","San Antonio","PG",20,"6-5",170,1180080,"San Antonio Spurs",NA,NA,NA,NA
"Delon Wright","Toronto","PG",24,"6-5",190,1577280,"Toronto Raptors",NA,NA,NA,NA
"DeMar DeRozan","Toronto","SG",27,"6-7",220,26540100,"Toronto Raptors",NA,NA,NA,NA
"DeMarcus Cousins","Sacramento","PF",26,"6-11",270,16957900,"Sacramento Kings",NA,NA,NA,NA
"DeMarre Carroll","Toronto","SF",30,"6-8",212,14200000,"Toronto Raptors",NA,NA,NA,NA
"Demetrius Jackson","Boston","PG",22,"6-1",201,1450000,"Boston Celtics",NA,NA,NA,NA
"Dennis Schroder","Atlanta","PG",23,"6-1",172,2708582,"Atlanta Hawks",NA,NA,NA,NA
"Denzel Valentine","Chicago","SG",23,"6-6",212,2092200,"Chicago Bulls",NA,NA,NA,NA
"Deron Williams","Dallas","PG",32,"6-3",200,9e+06,"Dallas Mavericks",NA,NA,NA,NA
"Derrick Favors","Utah","PF",25,"6-10",265,11050000,"Utah Jazz",NA,NA,NA,NA
"Derrick Jones Jr.","Phoenix","SF",19,"6-7",190,543471,"Phoenix Suns",NA,NA,NA,NA
"Derrick Rose","New York","PG",28,"6-3",190,21323252,"New York Knicks","Day-To-Day","Dec 19",2016-12-23,2016-12-22
"Derrick Williams","Miami","PF",25,"6-8",240,4598000,"Miami Heat",NA,NA,NA,NA
"Devin Booker","Phoenix","SG",20,"6-6",206,2223600,"Phoenix Suns",NA,NA,NA,NA
"Devin Harris","Dallas","PG",33,"6-3",185,4227996,"Dallas Mavericks",NA,NA,NA,NA
"Dewayne Dedmon","San Antonio","C",27,"7-0",245,2898000,"San Antonio Spurs",NA,NA,NA,NA
"Deyonta Davis","Memphis","PF",20,"6-10",240,1369299,"Memphis Grizzlies",NA,NA,NA,NA
"Diamond Stone","LA Clippers","C",19,"6-11",255,543471,"Los Angeles Clippers",NA,NA,NA,NA
"Dion Waiters","Miami","SG",25,"6-4",220,2898000,"Miami Heat","Out","Dec 21",2016-12-23,2016-12-22
"Dirk Nowitzki","Dallas","PF",38,"7-0",245,2.5e+07,"Dallas Mavericks","Out","Dec 21",2016-12-23,2016-12-22
"Domantas Sabonis","Oklahoma City","PF",20,"6-11",240,2440200,"Oklahoma City Thunder",NA,NA,NA,NA
"Dorian Finney-Smith","Dallas","SF",23,"6-8",220,543471,"Dallas Mavericks",NA,NA,NA,NA
"Doug McDermott","Chicago","SF",24,"6-8",219,2483040,"Chicago Bulls",NA,NA,NA,NA
"Dragan Bender","Phoenix","PF",19,"7-1",225,4276320,"Phoenix Suns",NA,NA,NA,NA
"Draymond Green","Golden State","PF",26,"6-7",230,15330435,"Golden State Warriors",NA,NA,NA,NA
"Dwight Howard","Atlanta","C",31,"6-11",265,23180275,"Atlanta Hawks","Day-To-Day","Dec 21",2016-12-23,2016-12-22
"Dwight Powell","Dallas","PF",25,"6-11",240,8375000,"Dallas Mavericks",NA,NA,NA,NA
"Dwyane Wade","Chicago","SG",34,"6-4",220,23200000,"Chicago Bulls",NA,NA,NA,NA
"E'Twaun Moore","New Orleans","SG",27,"6-4",191,8081363,"New Orleans Pelicans",NA,NA,NA,NA
"Ed Davis","Portland","PF",27,"6-10",245,6666667,"Portland Trailblazers",NA,NA,NA,NA
"Elfrid Payton","Orlando","PG",22,"6-4",185,2613600,"Orlando Magic",NA,NA,NA,NA
"Emmanuel Mudiay","Denver","PG",20,"6-5",200,3241800,"Denver Nuggets",NA,NA,NA,NA
"Enes Kanter","Oklahoma City","C",24,"6-11",245,17145838,"Oklahoma City Thunder",NA,NA,NA,NA
"Eric Bledsoe","Phoenix","PG",27,"6-1",205,1.4e+07,"Phoenix Suns",NA,NA,NA,NA
"Eric Gordon","Houston","SG",27,"6-4",215,12385364,"Houston Rockets",NA,NA,NA,NA
"Ersan Ilyasova","Philadelphia","PF",29,"6-10",235,8400000,"Philadelphia 76ers",NA,NA,NA,NA
"Evan Fournier","Orlando","SG",24,"6-7",205,1.7e+07,"Orlando Magic",NA,NA,NA,NA
"Evan Turner","Portland","SG",28,"6-7",220,16393443,"Portland Trailblazers","Day-To-Day","Dec 21",2016-12-23,2016-12-22
"Festus Ezeli","Portland","C",27,"6-11",265,7400000,"Portland Trailblazers",NA,NA,NA,NA
"Frank Kaminsky III","Charlotte","C",23,"7-0",240,2730000,"Charlotte Hornets",NA,NA,NA,NA
"Fred VanVleet","Toronto","PG",22,"6-0",195,543471,"Toronto Raptors",NA,NA,NA,NA
"Garrett Temple","Sacramento","SG",30,"6-6",195,8e+06,"Sacramento Kings",NA,NA,NA,NA
"Gary Harris","Denver","SG",22,"6-4",210,1655880,"Denver Nuggets",NA,NA,NA,NA
"George Hill","Utah","PG",30,"6-3",188,8e+06,"Utah Jazz",NA,NA,NA,NA
"Georges Niang","Indiana","SF",23,"6-8",230,650000,"Indiana Pacers",NA,NA,NA,NA
"Georgios Papagiannis","Sacramento","C",19,"7-1",240,2202240,"Sacramento Kings",NA,NA,NA,NA
"Gerald Green","Boston","SF",30,"6-7",205,980431,"Boston Celtics","Day-To-Day","Dec 18",2016-12-23,2016-12-22
"Gerald Henderson","Philadelphia","SG",29,"6-5",215,9e+06,"Philadelphia 76ers",NA,NA,NA,NA
"Giannis Antetokounmpo","Milwaukee","SF",22,"6-11",222,2995421,"Milwaukee Bucks",NA,NA,NA,NA
"Glenn Robinson III","Indiana","SG",22,"6-6",222,1050500,"Indiana Pacers",NA,NA,NA,NA
"Goran Dragic","Miami","PG",30,"6-3",190,15891725,"Miami Heat",NA,NA,NA,NA
"Gordon Hayward","Utah","SF",26,"6-8",226,16073140,"Utah Jazz",NA,NA,NA,NA
"Gorgui Dieng","Minnesota","PF",26,"6-11",240,2348783,"Minnesota Timberwolves",NA,NA,NA,NA
"Greg Monroe","Milwaukee","C",26,"6-11",265,17145838,"Milwaukee Bucks",NA,NA,NA,NA
"Harrison Barnes","Dallas","SF",24,"6-8",225,22116750,"Dallas Mavericks",NA,NA,NA,NA
"Hassan Whiteside","Miami","C",27,"7-0",265,22116750,"Miami Heat",NA,NA,NA,NA
"Henry Ellenson","Detroit","PF",19,"6-11",245,1704120,"Detroit Pistons",NA,NA,NA,NA
"Hollis Thompson","Philadelphia","SF",25,"6-8",206,1015696,"Philadelphia 76ers",NA,NA,NA,NA
"Ian Clark","Golden State","SG",25,"6-3",175,980431,"Golden State Warriors",NA,NA,NA,NA
"Ian Mahinmi","Washington","C",30,"6-11",262,15944154,"Washington Wizards","Out","Dec 20",2017-01-31,2016-12-22
"Iman Shumpert","Cleveland","SG",26,"6-5",220,9662922,"Cleveland Cavaliers",NA,NA,NA,NA
"Isaiah Canaan","Chicago","PG",25,"6-0",201,1015696,"Chicago Bulls",NA,NA,NA,NA
"Isaiah Thomas","Boston","PG",27,"5-9",185,6587132,"Boston Celtics",NA,NA,NA,NA
"Isaiah Whitehead","Brooklyn","PG",21,"6-4",213,1074145,"Brooklyn Nets","Day-To-Day","Dec 21",2016-12-23,2016-12-22
"Ish Smith","Detroit","PG",28,"6-0",175,6e+06,"Detroit Pistons",NA,NA,NA,NA
"Ivica Zubac","LA Lakers","C",19,"7-1",240,1034956,"Los Angeles Lakers",NA,NA,NA,NA
"J.J. Barea","Dallas","PG",32,"6-0",185,4096950,"Dallas Mavericks","Day-To-Day","Dec 21",2016-12-23,2016-12-22
"J.J. Redick","LA Clippers","SG",32,"6-4",190,7377500,"Los Angeles Clippers",NA,NA,NA,NA
"J.R. Smith","Cleveland","SG",31,"6-6",225,12800000,"Cleveland Cavaliers","Out","Dec 21",2017-01-31,2016-12-22
"Jabari Parker","Milwaukee","PF",21,"6-8",250,5374320,"Milwaukee Bucks",NA,NA,NA,NA
"Jae Crowder","Boston","SF",26,"6-6",235,6286408,"Boston Celtics",NA,NA,NA,NA
"Jahlil Okafor","Philadelphia","C",21,"6-11",275,4788840,"Philadelphia 76ers",NA,NA,NA,NA
"Jake Layman","Portland","SF",22,"6-9",210,6e+05,"Portland Trailblazers",NA,NA,NA,NA
"Jakob Poeltl","Toronto","C",21,"7-0",230,2703960,"Toronto Raptors",NA,NA,NA,NA
"Jamal Crawford","LA Clippers","SG",36,"6-5",195,13253012,"Los Angeles Clippers",NA,NA,NA,NA
"Jamal Murray","Denver","SG",19,"6-4",207,3210840,"Denver Nuggets","Day-To-Day","Dec 18",2016-12-23,2016-12-22
"Jameer Nelson","Denver","PG",34,"6-0",190,4540525,"Denver Nuggets",NA,NA,NA,NA
"James Ennis","Memphis","SF",26,"6-7",210,2898000,"Memphis Grizzlies","Out","Dec 18",2016-12-23,2016-12-22
"James Harden","Houston","SG",27,"6-5",220,26540100,"Houston Rockets",NA,NA,NA,NA
"James Johnson","Miami","PF",29,"6-9",250,4e+06,"Miami Heat",NA,NA,NA,NA
"James Jones","Cleveland","SG",36,"6-8",218,980431,"Cleveland Cavaliers",NA,NA,NA,NA
"James Michael McAdoo","Golden State","SF",23,"6-9",240,980431,"Golden State Warriors",NA,NA,NA,NA
"James Young","Boston","SG",21,"6-6",215,1825200,"Boston Celtics",NA,NA,NA,NA
"JaMychal Green","Memphis","PF",26,"6-9",227,980431,"Memphis Grizzlies",NA,NA,NA,NA
"Jared Dudley","Phoenix","SF",31,"6-7",225,10470000,"Phoenix Suns",NA,NA,NA,NA
"Jared Sullinger","Toronto","C",24,"6-9",260,5628000,"Toronto Raptors","Out","Dec 22",2017-01-21,2016-12-22
"Jarell Martin","Memphis","PF",22,"6-10",239,1286160,"Memphis Grizzlies","Day-To-Day","Dec 19",2016-12-23,2016-12-22
"Jason Smith","Washington","PF",30,"7-0",240,5e+06,"Washington Wizards","Day-To-Day","Dec 19",2016-12-23,2016-12-22
"Jason Terry","Milwaukee","SG",39,"6-2",185,980431,"Milwaukee Bucks",NA,NA,NA,NA
"JaVale McGee","Golden State","C",28,"7-0",270,1403611,"Golden State Warriors",NA,NA,NA,NA
"Jaylen Brown","Boston","SF",20,"6-7",225,4743000,"Boston Celtics",NA,NA,NA,NA
"Jeff Green","Orlando","SF",30,"6-9",235,1.5e+07,"Orlando Magic",NA,NA,NA,NA
"Jeff Teague","Indiana","PG",28,"6-2",186,8800000,"Indiana Pacers",NA,NA,NA,NA
"Jeff Withey","Utah","C",26,"7-0",231,1015696,"Utah Jazz",NA,NA,NA,NA
"Jerami Grant","Oklahoma City","SF",22,"6-9",210,980431,"Oklahoma City Thunder",NA,NA,NA,NA
"Jeremy Lamb","Charlotte","SG",24,"6-5",185,6511628,"Charlotte Hornets",NA,NA,NA,NA
"Jeremy Lin","Brooklyn","PG",28,"6-3",200,11483254,"Brooklyn Nets",NA,NA,NA,NA
"Jerian Grant","Chicago","PG",24,"6-4",198,1643040,"Chicago Bulls",NA,NA,NA,NA
"Jerryd Bayless","Philadelphia","PG",28,"6-3",200,9424084,"Philadelphia 76ers",NA,NA,NA,NA
"Jimmy Butler","Chicago","SF",27,"6-7",231,17552209,"Chicago Bulls",NA,NA,NA,NA
"Joakim Noah","New York","C",31,"6-11",230,1.7e+07,"New York Knicks",NA,NA,NA,NA
"Jodie Meeks","Orlando","SG",29,"6-4",210,6540000,"Orlando Magic",NA,NA,NA,NA
"Joe Harris","Brooklyn","SF",25,"6-6",219,980431,"Brooklyn Nets",NA,NA,NA,NA
"Joe Ingles","Utah","SF",29,"6-8",226,2150000,"Utah Jazz",NA,NA,NA,NA
"Joe Johnson","Utah","SF",35,"6-7",240,1.1e+07,"Utah Jazz",NA,NA,NA,NA
"Joe Young","Indiana","PG",24,"6-2",180,1052342,"Indiana Pacers",NA,NA,NA,NA
"Joel Bolomboy","Utah","PF",22,"6-9",235,6e+05,"Utah Jazz",NA,NA,NA,NA
"Joel Embiid","Philadelphia","C",22,"7-0",250,4826160,"Philadelphia 76ers",NA,NA,NA,NA
"Joffrey Lauvergne","Oklahoma City","C",25,"6-11",220,1709719,"Oklahoma City Thunder",NA,NA,NA,NA
"John Henson","Milwaukee","C",25,"6-11",229,12517606,"Milwaukee Bucks",NA,NA,NA,NA
"John Jenkins","Phoenix","SG",25,"6-4",215,1050961,"Phoenix Suns",NA,NA,NA,NA
"John Lucas III","Minnesota","PG",34,"5-11",166,980431,"Minnesota Timberwolves",NA,NA,NA,NA
"John Wall","Washington","PG",26,"6-4",210,16957900,"Washington Wizards",NA,NA,NA,NA
"Jon Leuer","Detroit","PF",27,"6-10",228,10991957,"Detroit Pistons","Day-To-Day","Dec 19",2016-12-23,2016-12-22
"Jonas Jerebko","Boston","PF",29,"6-10",231,5e+06,"Boston Celtics",NA,NA,NA,NA
"Jonas Valanciunas","Toronto","C",24,"7-0",255,14382023,"Toronto Raptors",NA,NA,NA,NA
"Jonathan Gibson","Dallas","PG",29,"6-2",185,469943,"Dallas Mavericks",NA,NA,NA,NA
"Jonathon Simmons","San Antonio","SG",27,"6-6",195,874636,"San Antonio Spurs",NA,NA,NA,NA
"Jordan Clarkson","LA Lakers","PG",24,"6-5",194,12500000,"Los Angeles Lakers",NA,NA,NA,NA
"Jordan Hill","Minnesota","PF",29,"6-10",240,4e+06,"Minnesota Timberwolves",NA,NA,NA,NA
"Jordan McRae","Cleveland","SG",25,"6-5",179,874636,"Cleveland Cavaliers",NA,NA,NA,NA
"Jordan Mickey","Boston","PF",22,"6-8",235,1223653,"Boston Celtics",NA,NA,NA,NA
"Jose Calderon","LA Lakers","PG",35,"6-3",200,7708427,"Los Angeles Lakers","Out","Dec 22",2016-12-23,2016-12-22
"Josh Huestis","Oklahoma City","SF",25,"6-7",230,1191480,"Oklahoma City Thunder",NA,NA,NA,NA
"Josh McRoberts","Miami","PF",29,"6-10",240,5782450,"Miami Heat",NA,NA,NA,NA
"Josh Richardson","Miami","SG",23,"6-6",200,874636,"Miami Heat",NA,NA,NA,NA
"Jrue Holiday","New Orleans","PG",26,"6-4",205,11286518,"New Orleans Pelicans",NA,NA,NA,NA
"Juancho Hernangomez","Denver","PF",21,"6-9",230,1987440,"Denver Nuggets",NA,NA,NA,NA
"Julius Randle","LA Lakers","PF",22,"6-9",250,3267120,"Los Angeles Lakers",NA,NA,NA,NA
"Justin Anderson","Dallas","SG",23,"6-6",228,1514160,"Dallas Mavericks",NA,NA,NA,NA
"Justin Hamilton","Brooklyn","C",26,"7-0",255,3e+06,"Brooklyn Nets",NA,NA,NA,NA
"Justin Holiday","New York","SG",27,"6-6",185,1015696,"New York Knicks",NA,NA,NA,NA
"Justise Winslow","Miami","SF",20,"6-7",225,2593440,"Miami Heat",NA,NA,NA,NA
"Jusuf Nurkic","Denver","C",22,"7-0",280,1921320,"Denver Nuggets",NA,NA,NA,NA
"K.J. McDaniels","Houston","SG",23,"6-6",205,3333333,"Houston Rockets",NA,NA,NA,NA
"Karl-Anthony Towns","Minnesota","C",21,"7-0",244,5960160,"Minnesota Timberwolves",NA,NA,NA,NA
"Kawhi Leonard","San Antonio","SF",25,"6-7",230,17638063,"San Antonio Spurs",NA,NA,NA,NA
"Kay Felder","Cleveland","PG",21,"5-9",176,543471,"Cleveland Cavaliers",NA,NA,NA,NA
"Kelly Olynyk","Boston","C",25,"7-0",238,3094014,"Boston Celtics",NA,NA,NA,NA
"Kelly Oubre Jr.","Washington","SF",21,"6-7",205,2006640,"Washington Wizards",NA,NA,NA,NA
"Kemba Walker","Charlotte","PG",26,"6-1",184,1.2e+07,"Charlotte Hornets",NA,NA,NA,NA
"Kenneth Faried","Denver","PF",27,"6-8",228,12078652,"Denver Nuggets",NA,NA,NA,NA
"Kent Bazemore","Atlanta","SF",27,"6-5",201,15730338,"Atlanta Hawks",NA,NA,NA,NA
"Kentavious Caldwell-Pope","Detroit","SG",23,"6-5",205,3678319,"Detroit Pistons",NA,NA,NA,NA
"Kevin Durant","Golden State","SF",28,"6-9",240,26540100,"Golden State Warriors",NA,NA,NA,NA
"Kevin Love","Cleveland","PF",28,"6-10",251,21165675,"Cleveland Cavaliers","Day-To-Day","Dec 21",2016-12-23,2016-12-22
"Kevin Seraphin","Indiana","C",27,"6-10",278,1800000,"Indiana Pacers",NA,NA,NA,NA
"Kevon Looney","Golden State","SF",20,"6-9",220,1182840,"Golden State Warriors",NA,NA,NA,NA
"Khris Middleton","Milwaukee","SG",25,"6-8",234,15200000,"Milwaukee Bucks",NA,NA,NA,NA
"Klay Thompson","Golden State","SG",26,"6-7",215,16663575,"Golden State Warriors",NA,NA,NA,NA
"Kosta Koufos","Sacramento","C",27,"7-0",265,8046500,"Sacramento Kings",NA,NA,NA,NA
"Kris Dunn","Minnesota","PG",22,"6-4",205,3872520,"Minnesota Timberwolves",NA,NA,NA,NA
"Kris Humphries","Atlanta","PF",31,"6-9",235,4e+06,"Atlanta Hawks",NA,NA,NA,NA
"Kristaps Porzingis","New York","PF",21,"7-3",240,4317720,"New York Knicks",NA,NA,NA,NA
"Kyle Anderson","San Antonio","SG",23,"6-9",230,1192080,"San Antonio Spurs",NA,NA,NA,NA
"Kyle Korver","Atlanta","SG",35,"6-7",212,5239437,"Atlanta Hawks",NA,NA,NA,NA
"Kyle Lowry","Toronto","PG",30,"6-0",205,1.2e+07,"Toronto Raptors",NA,NA,NA,NA
"Kyle O'Quinn","New York","C",26,"6-10",250,3918750,"New York Knicks",NA,NA,NA,NA
"Kyle Singler","Oklahoma City","SF",28,"6-8",228,4837500,"Oklahoma City Thunder",NA,NA,NA,NA
"Kyle Wiltjer","Houston","F",24,"6-10",240,543471,"Houston Rockets",NA,NA,NA,NA
"Kyrie Irving","Cleveland","PG",24,"6-3",193,17638063,"Cleveland Cavaliers",NA,NA,NA,NA
"LaMarcus Aldridge","San Antonio","PF",31,"6-11",260,20575005,"San Antonio Spurs",NA,NA,NA,NA
"Lance Thomas","New York","SF",28,"6-8",235,6191000,"New York Knicks",NA,NA,NA,NA
"Langston Galloway","New Orleans","SG",25,"6-2",200,5200000,"New Orleans Pelicans",NA,NA,NA,NA
"Larry Nance Jr.","LA Lakers","PF",23,"6-9",230,1207680,"Los Angeles Lakers",NA,NA,NA,NA
"Lavoy Allen","Indiana","PF",27,"6-9",260,4e+06,"Indiana Pacers",NA,NA,NA,NA
"Leandro Barbosa","Phoenix","SG",34,"6-3",194,4e+06,"Phoenix Suns",NA,NA,NA,NA
"LeBron James","Cleveland","SF",31,"6-8",250,30963450,"Cleveland Cavaliers",NA,NA,NA,NA
"Louis Williams","LA Lakers","SG",30,"6-1",175,7e+06,"Los Angeles Lakers",NA,NA,NA,NA
"Luc Mbah a Moute","LA Clippers","PF",30,"6-8",230,2203000,"Los Angeles Clippers","Out","Dec 18",2016-12-23,2016-12-22
"Lucas Nogueira","Toronto","C",24,"7-0",220,1921320,"Toronto Raptors",NA,NA,NA,NA
"Luis Scola","Brooklyn","PF",36,"6-9",241,5500000,"Brooklyn Nets",NA,NA,NA,NA
"Luke Babbitt","Miami","SF",27,"6-9",225,1227286,"Miami Heat",NA,NA,NA,NA
"Luol Deng","LA Lakers","SF",31,"6-9",220,1.8e+07,"Los Angeles Lakers","Day-To-Day","Dec 19",2016-12-23,2016-12-22
"Malachi Richardson","Sacramento","SG",20,"6-6",205,1439800,"Sacramento Kings",NA,NA,NA,NA
"Malcolm Brogdon","Milwaukee","SG",24,"6-5",215,925000,"Milwaukee Bucks",NA,NA,NA,NA
"Malcolm Delaney","Atlanta","PG",27,"6-3",190,2500000,"Atlanta Hawks",NA,NA,NA,NA
"Malik Beasley","Denver","SG",20,"6-5",196,1627320,"Denver Nuggets",NA,NA,NA,NA
"Manu Ginobili","San Antonio","SG",39,"6-6",205,1.4e+07,"San Antonio Spurs","Day-To-Day","Dec 21",2016-12-25,2016-12-22
"Marc Gasol","Memphis","C",31,"7-1",255,21165675,"Memphis Grizzlies",NA,NA,NA,NA
"Marcelo Huertas","LA Lakers","PG",33,"6-3",200,1500000,"Los Angeles Lakers",NA,NA,NA,NA
"Marcin Gortat","Washington","C",32,"6-11",240,1.2e+07,"Washington Wizards",NA,NA,NA,NA
"Marco Belinelli","Charlotte","SG",30,"6-5",210,6333333,"Charlotte Hornets",NA,NA,NA,NA
"Marcus Morris","Detroit","PF",27,"6-9",235,4625000,"Detroit Pistons",NA,NA,NA,NA
"Marcus Smart","Boston","PG",22,"6-4",220,3578880,"Boston Celtics",NA,NA,NA,NA
"Marcus Thornton","Washington","SG",29,"6-4",205,980431,"Washington Wizards",NA,NA,NA,NA
"Mario Hezonja","Orlando","SG",21,"6-8",218,3909840,"Orlando Magic",NA,NA,NA,NA
"Markieff Morris","Washington","PF",27,"6-10",245,7400000,"Washington Wizards",NA,NA,NA,NA
"Marquese Chriss","Phoenix","PF",19,"6-10",233,2941440,"Phoenix Suns",NA,NA,NA,NA
"Marreese Speights","LA Clippers","C",29,"6-10",255,1403611,"Los Angeles Clippers",NA,NA,NA,NA
"Marshall Plumlee","New York","C",24,"7-0",250,543471,"New York Knicks",NA,NA,NA,NA
"Marvin Williams","Charlotte","PF",30,"6-9",237,12250000,"Charlotte Hornets",NA,NA,NA,NA
"Mason Plumlee","Portland","C",26,"6-11",255,2328530,"Portland Trailblazers",NA,NA,NA,NA
"Matt Barnes","Sacramento","SF",36,"6-7",226,6125000,"Sacramento Kings",NA,NA,NA,NA
"Matthew Dellavedova","Milwaukee","PG",26,"6-4",198,9607500,"Milwaukee Bucks",NA,NA,NA,NA
"Maurice Daly Ndour","New York","SF",24,"6-9",200,543471,"New York Knicks",NA,NA,NA,NA
"Maurice Harkless","Portland","SF",23,"6-9",220,8988765,"Portland Trailblazers",NA,NA,NA,NA
"Metta World Peace","LA Lakers","SF",37,"6-7",260,980431,"Los Angeles Lakers",NA,NA,NA,NA
"Meyers Leonard","Portland","PF",24,"7-1",255,9213483,"Portland Trailblazers",NA,NA,NA,NA
"Michael Beasley","Milwaukee","SF",27,"6-10",235,1403611,"Milwaukee Bucks","Out","Dec 21",2016-12-23,2016-12-22
"Michael Carter-Williams","Chicago","PG",25,"6-6",190,3183526,"Chicago Bulls","Out","Dec 22",2016-12-26,2016-12-22
"Michael Gbinije","Detroit","SG",24,"6-7",200,650000,"Detroit Pistons",NA,NA,NA,NA
"Michael Kidd-Gilchrist","Charlotte","SF",23,"6-7",232,1.3e+07,"Charlotte Hornets",NA,NA,NA,NA
"Mike Conley","Memphis","PG",29,"6-1",175,26540100,"Memphis Grizzlies",NA,NA,NA,NA
"Mike Dunleavy","Cleveland","SG",36,"6-9",230,4837500,"Cleveland Cavaliers",NA,NA,NA,NA
"Mike Miller","Denver","SG",36,"6-8",218,3500000,"Denver Nuggets",NA,NA,NA,NA
"Mike Muscala","Atlanta","PF",25,"6-11",240,1015696,"Atlanta Hawks",NA,NA,NA,NA
"Mike Scott","Atlanta","PF",28,"6-8",237,3333334,"Atlanta Hawks",NA,NA,NA,NA
"Miles Plumlee","Milwaukee","C",28,"6-11",249,12500000,"Milwaukee Bucks",NA,NA,NA,NA
"Mindaugas Kuzminskas","New York","SF",27,"6-9",215,2898000,"New York Knicks",NA,NA,NA,NA
"Mirza Teletovic","Milwaukee","PF",31,"6-9",245,10500000,"Milwaukee Bucks",NA,NA,NA,NA
"Mo Williams","Cleveland","PG",34,"6-1",198,2194500,"Cleveland Cavaliers",NA,NA,NA,NA
"Monta Ellis","Indiana","SG",31,"6-3",185,10763500,"Indiana Pacers","Out","Dec 22",2016-12-26,2016-12-22
"Montrezl Harrell","Houston","PF",22,"6-8",240,1045000,"Houston Rockets",NA,NA,NA,NA
"Myles Turner","Indiana","C",20,"6-11",243,2463840,"Indiana Pacers",NA,NA,NA,NA
"Nemanja Bjelica","Minnesota","PF",28,"6-10",225,3800000,"Minnesota Timberwolves",NA,NA,NA,NA
"Nene Hilario","Houston","C",34,"6-11",250,2898000,"Houston Rockets",NA,NA,NA,NA
"Nerlens Noel","Philadelphia","PF",22,"6-11",228,4384490,"Philadelphia 76ers",NA,NA,NA,NA
"Nick Collison","Oklahoma City","PF",36,"6-10",255,3750000,"Oklahoma City Thunder",NA,NA,NA,NA
"Nick Young","LA Lakers","SG",31,"6-7",210,5443918,"Los Angeles Lakers",NA,NA,NA,NA
"Nicolas Batum","Charlotte","SG",28,"6-8",200,20869566,"Charlotte Hornets",NA,NA,NA,NA
"Nicolas Brussino","Dallas","SF",23,"6-8",215,543471,"Dallas Mavericks",NA,NA,NA,NA
"Nicolas Laprovittola","San Antonio","G",26,"6-4",180,543471,"San Antonio Spurs",NA,NA,NA,NA
"Nik Stauskas","Philadelphia","SG",23,"6-6",205,2993040,"Philadelphia 76ers","Day-To-Day","Dec 20",2016-12-23,2016-12-22
"Nikola Jokic","Denver","PF",21,"6-10",250,1358500,"Denver Nuggets",NA,NA,NA,NA
"Nikola Mirotic","Chicago","PF",25,"6-10",238,5782450,"Chicago Bulls",NA,NA,NA,NA
"Nikola Pekovic","Minnesota","C",30,"6-11",307,12100000,"Minnesota Timberwolves",NA,NA,NA,NA
"Nikola Vucevic","Orlando","C",26,"7-0",260,11750000,"Orlando Magic",NA,NA,NA,NA
"Noah Vonleh","Portland","PF",21,"6-9",245,2751360,"Portland Trailblazers",NA,NA,NA,NA
"Norman Powell","Toronto","SG",23,"6-4",215,874636,"Toronto Raptors",NA,NA,NA,NA
"Omer Asik","New Orleans","C",30,"7-0",255,9904494,"New Orleans Pelicans",NA,NA,NA,NA
"Omri Casspi","Sacramento","SF",28,"6-9",225,2936814,"Sacramento Kings","Out","Dec 21",2016-12-23,2016-12-22
"Otto Porter Jr.","Washington","SF",23,"6-8",198,5893981,"Washington Wizards",NA,NA,NA,NA
"P.J. Tucker","Phoenix","SF",31,"6-6",245,5300000,"Phoenix Suns",NA,NA,NA,NA
"Pascal Siakam","Toronto","PF",22,"6-9",230,1196040,"Toronto Raptors",NA,NA,NA,NA
"Pat Connaughton","Portland","SG",23,"6-5",210,874636,"Portland Trailblazers",NA,NA,NA,NA
"Patrick Beverley","Houston","PG",28,"6-1",185,6e+06,"Houston Rockets",NA,NA,NA,NA
"Patrick McCaw","Golden State","PG",21,"6-7",185,543471,"Golden State Warriors",NA,NA,NA,NA
"Patrick Patterson","Toronto","PF",27,"6-9",235,6050000,"Toronto Raptors","Day-To-Day","Dec 20",2016-12-23,2016-12-22
"Patty Mills","San Antonio","PG",28,"6-0",185,3578948,"San Antonio Spurs",NA,NA,NA,NA
"Pau Gasol","San Antonio","C",36,"7-0",250,15500000,"San Antonio Spurs",NA,NA,NA,NA
"Paul George","Indiana","SF",26,"6-9",220,18314532,"Indiana Pacers",NA,NA,NA,NA
"Paul Millsap","Atlanta","PF",31,"6-8",246,20072033,"Atlanta Hawks",NA,NA,NA,NA
"Paul Pierce","LA Clippers","SF",39,"6-7",235,3527920,"Los Angeles Clippers",NA,NA,NA,NA
"Paul Zipser","Chicago","SF",22,"6-8",210,750000,"Chicago Bulls",NA,NA,NA,NA
"Quincy Pondexter","New Orleans","SG",28,"6-7",225,3617978,"New Orleans Pelicans",NA,NA,NA,NA
"R.J. Hunter","Chicago","SG",23,"6-5",185,864346,"Chicago Bulls",NA,NA,NA,NA
"Rajon Rondo","Chicago","PG",30,"6-1",186,1.4e+07,"Chicago Bulls",NA,NA,NA,NA
"Rakeem Christmas","Indiana","PF",25,"6-9",250,1052342,"Indiana Pacers",NA,NA,NA,NA
"Ramon Sessions","Charlotte","PG",30,"6-3",190,6e+06,"Charlotte Hornets",NA,NA,NA,NA
"Randy Foye","Brooklyn","SG",33,"6-4",218,2500000,"Brooklyn Nets",NA,NA,NA,NA
"Rashad Vaughn","Milwaukee","SG",20,"6-6",202,1811040,"Milwaukee Bucks",NA,NA,NA,NA
"Raul Neto","Utah","PG",24,"6-1",179,937800,"Utah Jazz",NA,NA,NA,NA
"Raymond Felton","LA Clippers","PG",32,"6-1",205,980431,"Los Angeles Clippers",NA,NA,NA,NA
"Reggie Bullock","Detroit","SF",25,"6-7",205,2255644,"Detroit Pistons",NA,NA,NA,NA
"Reggie Jackson","Detroit","PG",26,"6-3",208,14956522,"Detroit Pistons","Day-To-Day","Dec 21",2016-12-23,2016-12-22
"Reggie Williams","New Orleans","SF",30,"6-6",205,895197,"New Orleans Pelicans",NA,NA,NA,NA
"Richard Jefferson","Cleveland","SF",36,"6-7",233,2500000,"Cleveland Cavaliers",NA,NA,NA,NA
"Richaun Holmes","Philadelphia","PF",23,"6-10",245,1025831,"Philadelphia 76ers",NA,NA,NA,NA
"Ricky Rubio","Minnesota","PG",26,"6-4",190,13400000,"Minnesota Timberwolves",NA,NA,NA,NA
"Robert Covington","Philadelphia","SF",26,"6-9",215,1015696,"Philadelphia 76ers",NA,NA,NA,NA
"Robin Lopez","Chicago","C",28,"7-0",255,13219250,"Chicago Bulls",NA,NA,NA,NA
"Rodney Hood","Utah","SG",24,"6-8",206,1406520,"Utah Jazz",NA,NA,NA,NA
"Rodney McGruder","Miami","SG",25,"6-4",205,543471,"Miami Heat","Day-To-Day","Dec 22",2016-12-23,2016-12-22
"Rodney Stuckey","Indiana","PG",30,"6-5",205,7e+06,"Indiana Pacers","Out","Dec 22",2016-12-26,2016-12-22
"Ron Baker","New York","SG",23,"6-4",220,543471,"New York Knicks",NA,NA,NA,NA
"Rondae Hollis-Jefferson","Brooklyn","SF",21,"6-7",214,1395600,"Brooklyn Nets",NA,NA,NA,NA
"Roy Hibbert","Charlotte","C",30,"7-2",270,5e+06,"Charlotte Hornets",NA,NA,NA,NA
"Rudy Gay","Sacramento","SF",30,"6-8",230,13333333,"Sacramento Kings","Out","Dec 21",2016-12-23,2016-12-22
"Rudy Gobert","Utah","C",24,"7-1",245,2121288,"Utah Jazz",NA,NA,NA,NA
"Russell Westbrook","Oklahoma City","PG",28,"6-3",200,26540100,"Oklahoma City Thunder",NA,NA,NA,NA
"Ryan Anderson","Houston","PF",28,"6-10",240,18735364,"Houston Rockets",NA,NA,NA,NA
"Ryan Kelly","Atlanta","PF",25,"6-11",230,979848,"Atlanta Hawks",NA,NA,NA,NA
"Salah Mejri","Dallas","C",30,"7-2",245,874636,"Dallas Mavericks",NA,NA,NA,NA
"Sam Dekker","Houston","SF",22,"6-9",230,1720560,"Houston Rockets",NA,NA,NA,NA
"Sasha Vujacic","New York","SG",32,"6-7",195,980431,"New York Knicks",NA,NA,NA,NA
"Sean Kilpatrick","Brooklyn","SG",26,"6-4",219,980431,"Brooklyn Nets",NA,NA,NA,NA
"Semaj Christon","Oklahoma City","PG",24,"6-3",190,543471,"Oklahoma City Thunder",NA,NA,NA,NA
"Serge Ibaka","Orlando","PF",27,"6-10",235,12250000,"Orlando Magic",NA,NA,NA,NA
"Sergio Rodriguez","Philadelphia","PG",30,"6-3",176,8e+06,"Philadelphia 76ers",NA,NA,NA,NA
"Seth Curry","Dallas","SG",26,"6-2",185,2898000,"Dallas Mavericks",NA,NA,NA,NA
"Shabazz Muhammad","Minnesota","SF",24,"6-6",223,3046299,"Minnesota Timberwolves",NA,NA,NA,NA
"Shabazz Napier","Portland","PG",25,"6-1",175,1350120,"Portland Trailblazers",NA,NA,NA,NA
"Shaun Livingston","Golden State","PG",31,"6-7",192,5782450,"Golden State Warriors",NA,NA,NA,NA
"Sheldon McClellan","Washington","SG",24,"6-6",200,543471,"Washington Wizards",NA,NA,NA,NA
"Shelvin Mack","Utah","PG",26,"6-3",203,2433334,"Utah Jazz",NA,NA,NA,NA
"Skal Labissiere","Sacramento","PF",20,"6-11",225,1188840,"Sacramento Kings",NA,NA,NA,NA
"Solomon Hill","New Orleans","SF",25,"6-7",225,11241218,"New Orleans Pelicans","Day-To-Day","Dec 18",2016-12-23,2016-12-22
"Spencer Dinwiddie","Brooklyn","PG",23,"6-6",200,726672,"Brooklyn Nets",NA,NA,NA,NA
"Spencer Hawes","Charlotte","PF",28,"7-1",245,6348759,"Charlotte Hornets",NA,NA,NA,NA
"Stanley Johnson","Detroit","SF",20,"6-7",245,2969880,"Detroit Pistons",NA,NA,NA,NA
"Stephen Curry","Golden State","PG",28,"6-3",190,12112359,"Golden State Warriors",NA,NA,NA,NA
"Stephen Zimmerman","Orlando","C",20,"7-0",240,950000,"Orlando Magic",NA,NA,NA,NA
"Steve Novak","Milwaukee","SF",33,"6-10",225,980431,"Milwaukee Bucks",NA,NA,NA,NA
"Steven Adams","Oklahoma City","C",23,"7-0",255,3140517,"Oklahoma City Thunder",NA,NA,NA,NA
"T.J. McConnell","Philadelphia","PG",24,"6-2",200,874636,"Philadelphia 76ers",NA,NA,NA,NA
"Taj Gibson","Chicago","PF",31,"6-9",236,8950000,"Chicago Bulls","Day-To-Day","Dec 18",2016-12-23,2016-12-22
"Tarik Black","LA Lakers","C",25,"6-9",250,6191000,"Los Angeles Lakers","Day-To-Day","Dec 22",2016-12-23,2016-12-22
"Taurean Prince","Atlanta","SF",22,"6-8",220,2318280,"Atlanta Hawks",NA,NA,NA,NA
"Terrence Jones","New Orleans","PF",24,"6-9",255,980431,"New Orleans Pelicans",NA,NA,NA,NA
"Terrence Ross","Toronto","SF",25,"6-7",195,1e+07,"Toronto Raptors",NA,NA,NA,NA
"Terry Rozier","Boston","PG",22,"6-2",190,1906440,"Boston Celtics",NA,NA,NA,NA
"Thabo Sefolosha","Atlanta","SF",32,"6-7",220,3850000,"Atlanta Hawks",NA,NA,NA,NA
"Thaddeus Young","Indiana","PF",28,"6-8",221,14153652,"Indiana Pacers",NA,NA,NA,NA
"Thomas Robinson","LA Lakers","PF",25,"6-10",237,980431,"Los Angeles Lakers",NA,NA,NA,NA
"Thon Maker","Milwaukee","PF",19,"7-1",223,2568600,"Milwaukee Bucks",NA,NA,NA,NA
"Tiago Splitter","Atlanta","C",31,"6-11",245,9506250,"Atlanta Hawks",NA,NA,NA,NA
"Tim Frazier","New Orleans","PG",26,"6-1",170,2090000,"New Orleans Pelicans","Day-To-Day","Dec 18",2016-12-23,2016-12-22
"Tim Hardaway Jr.","Atlanta","SG",24,"6-6",205,2281605,"Atlanta Hawks",NA,NA,NA,NA
"Tim Quarterman","Portland","SG",22,"6-6",190,543471,"Portland Trailblazers",NA,NA,NA,NA
"Timofey Mozgov","LA Lakers","C",30,"7-1",275,1.6e+07,"Los Angeles Lakers",NA,NA,NA,NA
"Timothe Luwawu-Cabarrot","Philadelphia","SG",21,"6-6",205,1326960,"Philadelphia 76ers",NA,NA,NA,NA
"TJ Warren","Phoenix","SF",23,"6-8",225,2128920,"Phoenix Suns",NA,NA,NA,NA
"Tobias Harris","Detroit","SF",24,"6-9",235,17200000,"Detroit Pistons",NA,NA,NA,NA
"Tomas Satoransky","Washington","SG",25,"6-7",210,2870813,"Washington Wizards",NA,NA,NA,NA
"Tony Allen","Memphis","SG",34,"6-4",213,5505618,"Memphis Grizzlies",NA,NA,NA,NA
"Tony Parker","San Antonio","PG",34,"6-2",185,14445313,"San Antonio Spurs",NA,NA,NA,NA
"Tony Snell","Milwaukee","SG",25,"6-7",217,2368327,"Milwaukee Bucks",NA,NA,NA,NA
"Treveon Graham","Charlotte","SG",23,"6-6",226,543471,"Charlotte Hornets",NA,NA,NA,NA
"Trevor Ariza","Houston","SF",31,"6-8",215,7806971,"Houston Rockets",NA,NA,NA,NA
"Trevor Booker","Brooklyn","PF",29,"6-8",228,9250000,"Brooklyn Nets",NA,NA,NA,NA
"Trey Burke","Washington","PG",24,"6-1",191,3386598,"Washington Wizards",NA,NA,NA,NA
"Trey Lyles","Utah","PF",21,"6-10",234,2340600,"Utah Jazz",NA,NA,NA,NA
"Tristan Thompson","Cleveland","C",25,"6-9",238,15330435,"Cleveland Cavaliers",NA,NA,NA,NA
"Troy Daniels","Memphis","SG",25,"6-4",205,3332940,"Memphis Grizzlies",NA,NA,NA,NA
"Troy Williams","Memphis","SF",21,"6-7",210,543471,"Memphis Grizzlies",NA,NA,NA,NA
"Ty Lawson","Sacramento","PG",29,"5-11",195,980431,"Sacramento Kings",NA,NA,NA,NA
"Tyler Ennis","Houston","PG",22,"6-3",194,1733880,"Houston Rockets",NA,NA,NA,NA
"Tyler Johnson","Miami","SG",24,"6-4",186,5628000,"Miami Heat",NA,NA,NA,NA
"Tyler Ulis","Phoenix","PG",20,"5-10",150,918369,"Phoenix Suns",NA,NA,NA,NA
"Tyler Zeller","Boston","C",26,"7-0",253,8e+06,"Boston Celtics",NA,NA,NA,NA
"Tyreke Evans","New Orleans","SG",27,"6-6",220,10203755,"New Orleans Pelicans","Day-To-Day","Dec 19",2016-12-23,2016-12-22
"Tyson Chandler","Phoenix","C",34,"7-1",240,12415000,"Phoenix Suns",NA,NA,NA,NA
"Tyus Jones","Minnesota","PG",20,"6-2",195,1339680,"Minnesota Timberwolves",NA,NA,NA,NA
"Udonis Haslem","Miami","PF",36,"6-8",235,4e+06,"Miami Heat",NA,NA,NA,NA
"Victor Oladipo","Oklahoma City","SG",24,"6-4",210,6552961,"Oklahoma City Thunder","Out","Dec 21",2016-12-27,2016-12-22
"Vince Carter","Memphis","SG",39,"6-6",220,4264057,"Memphis Grizzlies",NA,NA,NA,NA
"Wade Baldwin IV","Memphis","PG",20,"6-4",202,1793760,"Memphis Grizzlies",NA,NA,NA,NA
"Wayne Ellington","Miami","SG",29,"6-4",200,6e+06,"Miami Heat","Day-To-Day","Dec 21",2016-12-23,2016-12-22
"Wesley Johnson","LA Clippers","SF",29,"6-7",215,5628000,"Los Angeles Clippers",NA,NA,NA,NA
"Wesley Matthews","Dallas","SG",30,"6-5",220,17145838,"Dallas Mavericks",NA,NA,NA,NA
"Will Barton","Denver","SG",25,"6-6",175,3533333,"Denver Nuggets",NA,NA,NA,NA
"Willie Cauley-Stein","Sacramento","C",23,"7-0",240,3551160,"Sacramento Kings",NA,NA,NA,NA
"Willie Reed","Miami","PF",26,"6-10",220,1015696,"Miami Heat",NA,NA,NA,NA
"Willy Hernangomez","New York","C",22,"6-11",240,1350000,"New York Knicks",NA,NA,NA,NA
"Wilson Chandler","Denver","SF",29,"6-8",225,11233146,"Denver Nuggets",NA,NA,NA,NA
"Zach LaVine","Minnesota","PG",21,"6-5",185,2240880,"Minnesota Timberwolves",NA,NA,NA,NA
"Zach Randolph","Memphis","PF",35,"6-9",260,10361445,"Memphis Grizzlies",NA,NA,NA,NA
"Zaza Pachulia","Golden State","C",32,"6-11",275,2898000,"Golden State Warriors",NA,NA,NA,NA
